Passenger Id,NewEmbarked,Pclass,AgeBin,New age,Titles,Embarked,FareBin,Fare,Survived,Sex,File,Total_Company
1,S,3,1,22,Mr,S,0,7.25,0,male,train,1
2,C,1,2,38,Ms,C,5,71.2833,1,female,train,1
3,S,3,1,26,Ms,S,1,7.925,1,female,train,0
4,S,1,2,35,Ms,S,5,53.1,1,female,train,1
5,S,3,2,35,Mr,S,1,8.05,0,male,train,0
6,Q,3,1,25,Mr,Q,1,8.4583,0,male,train,0
7,S,1,3,54,Mr,S,4,51.8625,0,male,train,0
8,S,3,0,2,Mr,S,3,21.075,0,male,train,4
9,S,3,1,27,Ms,S,2,11.1333,1,female,train,2
10,C,2,0,14,Ms,C,4,30.0708,1,female,train,1
11,S,3,0,4,Ms,S,3,16.7,1,female,train,2
12,S,1,3,58,Ms,S,4,26.55,1,female,train,0
13,S,3,1,20,Mr,S,1,8.05,0,male,train,0
14,S,3,2,39,Mr,S,4,31.275,0,male,train,6
15,S,3,0,14,Ms,S,1,7.8542,0,female,train,0
16,S,2,3,55,Ms,S,3,16,1,female,train,0
17,Q,3,0,2,Mr,Q,4,29.125,0,male,train,5
18,S,2,1,30,Mr,S,2,13,1,male,train,0
19,S,3,1,31,Ms,S,3,18,0,female,train,1
20,C,3,1,25,Ms,C,0,7.225,1,female,train,0
21,S,2,2,35,Mr,S,3,26,0,male,train,0
22,S,2,2,34,Mr,S,2,13,1,male,train,0
23,Q,3,0,15,Ms,Q,1,8.0292,1,female,train,0
24,S,1,1,28,Mr,S,4,35.5,1,male,train,0
25,S,3,0,8,Ms,S,3,21.075,0,female,train,4
26,S,3,2,38,Ms,S,4,31.3875,1,female,train,6
27,C,3,1,25,Mr,C,0,7.225,0,male,train,0
28,S,1,1,19,Mr,S,5,263,0,male,train,5
29,Q,3,1,25,Ms,Q,1,7.8792,1,female,train,0
30,S,3,1,25,Mr,S,1,7.8958,0,male,train,0
31,C,1,2,40,Honorary,C,4,27.7208,0,male,train,0
32,C,1,2,38,Ms,C,5,146.5208,1,female,train,1
33,Q,3,1,25,Ms,Q,0,7.75,1,female,train,0
34,S,2,4,66,Mr,S,2,10.5,0,male,train,0
35,C,1,1,28,Mr,C,5,82.1708,0,male,train,1
36,S,1,2,42,Mr,S,4,52,0,male,train,1
37,C,3,1,25,Mr,C,0,7.2292,1,male,train,0
38,S,3,1,21,Mr,S,1,8.05,0,male,train,0
39,S,3,1,18,Ms,S,3,18,0,female,train,2
40,C,3,0,14,Ms,C,2,11.2417,1,female,train,1
41,S,3,2,40,Ms,S,2,9.475,0,female,train,1
42,S,2,1,27,Ms,S,3,21,0,female,train,1
43,C,3,1,25,Mr,C,1,7.8958,0,male,train,0
44,C,2,0,3,Ms,C,4,41.5792,1,female,train,3
45,Q,3,1,19,Ms,Q,1,7.8792,1,female,train,0
46,S,3,1,25,Mr,S,1,8.05,0,male,train,0
47,Q,3,1,25,Mr,Q,3,15.5,0,male,train,1
48,Q,3,1,25,Ms,Q,0,7.75,1,female,train,0
49,C,3,1,25,Mr,C,3,21.6792,0,male,train,2
50,S,3,1,18,Ms,S,3,17.8,0,female,train,1
51,S,3,0,7,Mr,S,4,39.6875,0,male,train,5
52,S,3,1,21,Mr,S,1,7.8,0,male,train,0
53,C,1,3,49,Ms,C,5,76.7292,1,female,train,1
54,S,2,1,29,Ms,S,3,26,1,female,train,1
55,C,1,4,65,Mr,C,5,61.9792,0,male,train,1
56,S,1,2,38,Mr,S,4,35.5,1,male,train,0
57,S,2,1,21,Ms,S,2,10.5,1,female,train,0
58,C,3,1,29,Mr,C,0,7.2292,0,male,train,0
59,S,2,0,5,Ms,S,4,27.75,1,female,train,3
60,S,3,0,11,Mr,S,4,46.9,0,male,train,7
61,C,3,1,22,Mr,C,0,7.2292,0,male,train,0
62,S,1,2,38,Ms,,5,80,1,female,train,0
63,S,1,2,45,Mr,S,5,83.475,0,male,train,1
64,S,3,0,4,Mr,S,4,27.9,0,male,train,5
65,C,1,2,38,Mr,C,4,27.7208,0,male,train,0
66,C,3,1,25,Mr,C,3,15.2458,1,male,train,2
67,S,2,1,29,Ms,S,2,10.5,1,female,train,0
68,S,3,1,19,Mr,S,1,8.1583,0,male,train,0
69,S,3,1,17,Ms,S,1,7.925,1,female,train,6
70,S,3,1,26,Mr,S,2,8.6625,0,male,train,2
71,S,2,1,32,Mr,S,2,10.5,0,male,train,0
72,S,3,0,16,Ms,S,4,46.9,0,female,train,7
73,S,2,1,21,Mr,S,5,73.5,0,male,train,0
74,C,3,1,26,Mr,C,3,14.4542,0,male,train,1
75,S,3,1,32,Mr,S,5,56.4958,1,male,train,0
76,S,3,1,25,Mr,S,0,7.65,0,male,train,0
77,S,3,1,25,Mr,S,1,7.8958,0,male,train,0
78,S,3,1,25,Mr,S,1,8.05,0,male,train,0
79,S,2,0,1,Mr,S,4,29,1,male,train,2
80,S,3,1,30,Ms,S,2,12.475,1,female,train,0
81,S,3,1,22,Mr,S,2,9,0,male,train,0
82,S,3,1,29,Mr,S,2,9.5,1,male,train,0
83,Q,3,1,25,Ms,Q,1,7.7875,1,female,train,0
84,S,1,1,28,Mr,S,4,47.1,0,male,train,0
85,S,2,1,17,Ms,S,2,10.5,1,female,train,0
86,S,3,2,33,Ms,S,3,15.85,1,female,train,3
87,S,3,0,16,Mr,S,4,34.375,0,male,train,4
88,S,3,1,25,Mr,S,1,8.05,0,male,train,0
89,S,1,1,23,Ms,S,5,263,1,female,train,5
90,S,3,1,24,Mr,S,1,8.05,0,male,train,0
91,S,3,1,29,Mr,S,1,8.05,0,male,train,0
92,S,3,1,20,Mr,S,1,7.8542,0,male,train,0
93,S,1,2,46,Mr,S,5,61.175,0,male,train,1
94,S,3,1,26,Mr,S,3,20.575,0,male,train,3
95,S,3,3,59,Mr,S,0,7.25,0,male,train,0
96,S,3,1,25,Mr,S,1,8.05,0,male,train,0
97,C,1,4,71,Mr,C,4,34.6542,0,male,train,0
98,C,1,1,23,Mr,C,5,63.3583,1,male,train,1
99,S,2,2,34,Ms,S,3,23,1,female,train,1
100,S,2,2,34,Mr,S,3,26,0,male,train,1
101,S,3,1,28,Ms,S,1,7.8958,0,female,train,0
102,S,3,1,25,Mr,S,1,7.8958,0,male,train,0
103,S,1,1,21,Mr,S,5,77.2875,0,male,train,1
104,S,3,2,33,Mr,S,1,8.6542,0,male,train,0
105,S,3,2,37,Mr,S,1,7.925,0,male,train,2
106,S,3,1,28,Mr,S,1,7.8958,0,male,train,0
107,S,3,1,21,Ms,S,0,7.65,1,female,train,0
108,S,3,1,25,Mr,S,0,7.775,1,male,train,0
109,S,3,2,38,Mr,S,1,7.8958,0,male,train,0
110,Q,3,1,25,Ms,Q,3,24.15,1,female,train,1
111,S,1,2,47,Mr,S,4,52,0,male,train,0
112,C,3,0,15,Ms,C,3,14.4542,0,female,train,1
113,S,3,1,22,Mr,S,1,8.05,0,male,train,0
114,S,3,1,20,Ms,S,2,9.825,0,female,train,1
115,C,3,1,17,Ms,C,3,14.4583,0,female,train,0
116,S,3,1,21,Mr,S,1,7.925,0,male,train,0
117,Q,3,4,71,Mr,Q,0,7.75,0,male,train,0
118,S,2,1,29,Mr,S,3,21,0,male,train,1
119,C,1,1,24,Mr,C,5,247.5208,0,male,train,1
120,S,3,0,2,Ms,S,4,31.275,0,female,train,6
121,S,2,1,21,Mr,S,5,73.5,0,male,train,2
122,S,3,1,25,Mr,S,1,8.05,0,male,train,0
123,C,2,2,33,Mr,C,4,30.0708,0,male,train,1
124,S,2,2,33,Ms,S,2,13,1,female,train,0
125,S,1,3,54,Mr,S,5,77.2875,0,male,train,1
126,C,3,0,12,Mr,C,2,11.2417,1,male,train,1
127,Q,3,1,25,Mr,Q,0,7.75,0,male,train,0
128,S,3,1,24,Mr,S,0,7.1417,1,male,train,0
129,C,3,1,25,Ms,C,3,22.3583,1,female,train,2
130,S,3,2,45,Mr,S,0,6.975,0,male,train,0
131,C,3,2,33,Mr,C,1,7.8958,0,male,train,0
132,S,3,1,20,Mr,S,0,7.05,0,male,train,0
133,S,3,2,47,Ms,S,3,14.5,0,female,train,1
134,S,2,1,29,Ms,S,3,26,1,female,train,1
135,S,2,1,25,Mr,S,2,13,0,male,train,0
136,C,2,1,23,Mr,C,3,15.0458,0,male,train,0
137,S,1,1,19,Ms,S,4,26.2833,1,female,train,2
138,S,1,2,37,Mr,S,5,53.1,0,male,train,1
139,S,3,0,16,Mr,S,2,9.2167,0,male,train,0
140,C,1,1,24,Mr,C,5,79.2,0,male,train,0
141,C,3,1,25,Ms,C,3,15.2458,0,female,train,2
142,S,3,1,22,Ms,S,0,7.75,1,female,train,0
143,S,3,1,24,Ms,S,3,15.85,1,female,train,1
144,Q,3,1,19,Mr,Q,0,6.75,0,male,train,0
145,S,2,1,18,Mr,S,2,11.5,0,male,train,0
146,S,2,1,19,Mr,S,4,36.75,0,male,train,2
147,S,3,1,27,Mr,S,1,7.7958,1,male,train,0
148,S,3,0,9,Ms,S,4,34.375,0,female,train,4
149,S,2,2,37,Mr,S,3,26,0,male,train,2
150,S,2,2,42,Officer,S,2,13,0,male,train,0
151,S,2,3,51,Officer,S,2,12.525,0,male,train,0
152,S,1,1,22,Ms,S,5,66.6,1,female,train,1
153,S,3,3,56,Mr,S,1,8.05,0,male,train,0
154,S,3,2,41,Mr,S,3,14.5,0,male,train,2
155,S,3,1,25,Mr,S,0,7.3125,0,male,train,0
156,C,1,3,51,Mr,C,5,61.3792,0,male,train,1
157,Q,3,0,16,Ms,Q,0,7.7333,1,female,train,0
158,S,3,1,30,Mr,S,1,8.05,0,male,train,0
159,S,3,1,25,Mr,S,2,8.6625,0,male,train,0
160,S,3,1,25,Mr,S,5,69.55,0,male,train,10
161,S,3,2,44,Mr,S,3,16.1,0,male,train,1
162,S,2,2,40,Ms,S,3,15.75,1,female,train,0
163,S,3,1,26,Mr,S,0,7.775,0,male,train,0
164,S,3,1,17,Mr,S,2,8.6625,0,male,train,0
165,S,3,0,1,Mr,S,4,39.6875,0,male,train,5
166,S,3,0,9,Mr,S,3,20.525,1,male,train,2
167,S,1,2,38,Ms,S,5,55,1,female,train,1
168,S,3,2,45,Ms,S,4,27.9,0,female,train,5
169,S,1,2,38,Mr,S,3,25.925,0,male,train,0
170,S,3,1,28,Mr,S,5,56.4958,0,male,train,0
171,S,1,3,61,Mr,S,4,33.5,0,male,train,0
172,Q,3,0,4,Mr,Q,4,29.125,0,male,train,5
173,S,3,0,1,Ms,S,2,11.1333,1,female,train,2
174,S,3,1,21,Mr,S,1,7.925,0,male,train,0
175,C,1,3,56,Mr,C,4,30.6958,0,male,train,0
176,S,3,1,18,Mr,S,1,7.8542,0,male,train,2
177,S,3,1,25,Mr,S,3,25.4667,0,male,train,4
178,C,1,3,50,Ms,C,4,28.7125,0,female,train,0
179,S,2,1,30,Mr,S,2,13,0,male,train,0
180,S,3,2,36,Mr,S,0,0,0,male,train,0
181,S,3,1,25,Ms,S,5,69.55,0,female,train,10
182,C,2,1,30,Mr,C,3,15.05,0,male,train,0
183,S,3,0,9,Mr,S,4,31.3875,0,male,train,6
184,S,2,0,1,Mr,S,4,39,1,male,train,3
185,S,3,0,4,Ms,S,3,22.025,1,female,train,2
186,S,1,2,38,Mr,S,4,50,0,male,train,0
187,Q,3,1,25,Ms,Q,3,15.5,1,female,train,1
188,S,1,2,45,Mr,S,4,26.55,1,male,train,0
189,Q,3,2,40,Mr,Q,3,15.5,0,male,train,2
190,S,3,2,36,Mr,S,1,7.8958,0,male,train,0
191,S,2,1,32,Ms,S,2,13,1,female,train,0
192,S,2,1,19,Mr,S,2,13,0,male,train,0
193,S,3,1,19,Ms,S,1,7.8542,1,female,train,1
194,S,2,0,3,Mr,S,3,26,1,male,train,2
195,C,1,2,44,Ms,C,4,27.7208,1,female,train,0
196,C,1,3,58,Ms,C,5,146.5208,1,female,train,0
197,Q,3,1,25,Mr,Q,0,7.75,0,male,train,0
198,S,3,2,42,Mr,S,1,8.4042,0,male,train,1
199,Q,3,1,25,Ms,Q,0,7.75,1,female,train,0
200,S,2,1,24,Ms,S,2,13,0,female,train,0
201,S,3,1,28,Mr,S,2,9.5,0,male,train,0
202,S,3,1,25,Mr,S,5,69.55,0,male,train,10
203,S,3,2,34,Mr,S,0,6.4958,0,male,train,0
204,C,3,2,46,Mr,C,0,7.225,0,male,train,0
205,S,3,1,18,Mr,S,1,8.05,1,male,train,0
206,S,3,0,2,Ms,S,2,10.4625,0,female,train,1
207,S,3,1,32,Mr,S,3,15.85,0,male,train,1
208,C,3,1,26,Mr,C,3,18.7875,1,male,train,0
209,Q,3,0,16,Ms,Q,0,7.75,1,female,train,0
210,C,1,2,40,Mr,C,4,31,1,male,train,0
211,S,3,1,24,Mr,S,0,7.05,0,male,train,0
212,S,2,2,35,Ms,S,3,21,1,female,train,0
213,S,3,1,22,Mr,S,0,7.25,0,male,train,0
214,S,2,1,30,Mr,S,2,13,0,male,train,0
215,Q,3,1,25,Mr,Q,0,7.75,0,male,train,1
216,C,1,1,31,Ms,C,5,113.275,1,female,train,1
217,S,3,1,27,Ms,S,1,7.925,1,female,train,0
218,S,2,2,42,Mr,S,4,27,0,male,train,1
219,C,1,1,32,Ms,C,5,76.2917,1,female,train,0
220,S,2,1,30,Mr,S,2,10.5,0,male,train,0
221,S,3,0,16,Mr,S,1,8.05,1,male,train,0
222,S,2,1,27,Mr,S,2,13,0,male,train,0
223,S,3,3,51,Mr,S,1,8.05,0,male,train,0
224,S,3,1,25,Mr,S,1,7.8958,0,male,train,0
225,S,1,2,38,Mr,S,5,90,1,male,train,1
226,S,3,1,22,Mr,S,2,9.35,0,male,train,0
227,S,2,1,19,Mr,S,2,10.5,1,male,train,0
228,S,3,1,21,Mr,S,0,7.25,0,male,train,0
229,S,2,1,18,Mr,S,2,13,0,male,train,0
230,S,3,1,25,Ms,S,3,25.4667,0,female,train,4
231,S,1,2,35,Ms,S,5,83.475,1,female,train,1
232,S,3,1,29,Mr,S,0,7.775,0,male,train,0
233,S,2,3,59,Mr,S,2,13.5,0,male,train,0
234,S,3,0,5,Ms,S,4,31.3875,1,female,train,6
235,S,2,1,24,Mr,S,2,10.5,0,male,train,0
236,S,3,1,25,Ms,S,0,7.55,0,female,train,0
237,S,2,2,44,Mr,S,3,26,0,male,train,1
238,S,2,0,8,Ms,S,4,26.25,1,female,train,2
239,S,2,1,19,Mr,S,2,10.5,0,male,train,0
240,S,2,2,33,Mr,S,2,12.275,0,male,train,0
241,C,3,1,25,Ms,C,3,14.4542,0,female,train,1
242,Q,3,1,25,Ms,Q,3,15.5,1,female,train,1
243,S,2,1,29,Mr,S,2,10.5,0,male,train,0
244,S,3,1,22,Mr,S,0,7.125,0,male,train,0
245,C,3,1,30,Mr,C,0,7.225,0,male,train,0
246,Q,1,2,44,Honorary,Q,5,90,0,male,train,2
247,S,3,1,25,Ms,S,0,7.775,0,female,train,0
248,S,2,1,24,Ms,S,3,14.5,1,female,train,2
249,S,1,2,37,Mr,S,5,52.5542,1,male,train,2
250,S,2,3,54,Officer,S,3,26,0,male,train,1
251,S,3,1,25,Mr,S,0,7.25,0,male,train,0
252,S,3,1,29,Ms,S,2,10.4625,0,female,train,2
253,S,1,3,62,Mr,S,4,26.55,0,male,train,0
254,S,3,1,30,Mr,S,3,16.1,0,male,train,1
255,S,3,2,41,Ms,S,3,20.2125,0,female,train,2
256,C,3,1,29,Ms,C,3,15.2458,1,female,train,2
257,C,1,2,38,Ms,C,5,79.2,1,female,train,0
258,S,1,1,30,Ms,S,5,86.5,1,female,train,0
259,C,1,2,35,Ms,C,5,512.3292,1,female,train,0
260,S,2,3,50,Ms,S,3,26,1,female,train,1
261,Q,3,1,25,Mr,Q,0,7.75,0,male,train,0
262,S,3,0,3,Mr,S,4,31.3875,1,male,train,6
263,S,1,3,52,Mr,S,5,79.65,0,male,train,2
264,S,1,2,40,Mr,S,0,0,0,male,train,0
265,Q,3,1,25,Ms,Q,0,7.75,0,female,train,0
266,S,2,2,36,Mr,S,2,10.5,0,male,train,0
267,S,3,0,16,Mr,S,4,39.6875,0,male,train,5
268,S,3,1,25,Mr,S,0,7.775,1,male,train,1
269,S,1,3,58,Ms,S,5,153.4625,1,female,train,1
270,S,1,2,35,Ms,S,5,135.6333,1,female,train,0
271,S,1,2,38,Mr,S,4,31,0,male,train,0
272,S,3,1,25,Mr,S,0,0,1,male,train,0
273,S,2,2,41,Ms,S,3,19.5,1,female,train,1
274,C,1,2,37,Mr,C,4,29.7,0,male,train,1
275,Q,3,1,25,Ms,Q,0,7.75,1,female,train,0
276,S,1,3,63,Ms,S,5,77.9583,1,female,train,1
277,S,3,2,45,Ms,S,0,7.75,0,female,train,0
278,S,2,1,30,Mr,S,0,0,0,male,train,0
279,Q,3,0,7,Mr,Q,4,29.125,0,male,train,5
280,S,3,2,35,Ms,S,3,20.25,1,female,train,2
281,Q,3,4,65,Mr,Q,0,7.75,0,male,train,0
282,S,3,1,28,Mr,S,1,7.8542,0,male,train,0
283,S,3,0,16,Mr,S,2,9.5,0,male,train,0
284,S,3,1,19,Mr,S,1,8.05,1,male,train,0
285,S,1,2,38,Mr,S,3,26,0,male,train,0
286,C,3,2,33,Mr,C,2,8.6625,0,male,train,0
287,S,3,1,30,Mr,S,2,9.5,1,male,train,0
288,S,3,1,22,Mr,S,1,7.8958,0,male,train,0
289,S,2,2,42,Mr,S,2,13,1,male,train,0
290,Q,3,1,22,Ms,Q,0,7.75,1,female,train,0
291,S,1,1,26,Ms,S,5,78.85,1,female,train,0
292,C,1,1,19,Ms,C,5,91.0792,1,female,train,1
293,C,2,2,36,Mr,C,2,12.875,0,male,train,0
294,S,3,1,24,Ms,S,2,8.85,0,female,train,0
295,S,3,1,24,Mr,S,1,7.8958,0,male,train,0
296,C,1,2,38,Mr,C,4,27.7208,0,male,train,0
297,C,3,1,24,Mr,C,0,7.2292,0,male,train,0
298,S,1,0,2,Ms,S,5,151.55,0,female,train,3
299,S,1,2,38,Mr,S,4,30.5,1,male,train,0
300,C,1,3,50,Ms,C,5,247.5208,1,female,train,1
301,Q,3,1,25,Ms,Q,0,7.75,1,female,train,0
302,Q,3,1,25,Mr,Q,3,23.25,1,male,train,2
303,S,3,1,19,Mr,S,0,0,0,male,train,0
304,Q,2,1,30,Ms,Q,2,12.35,1,female,train,0
305,S,3,1,25,Mr,S,1,8.05,0,male,train,0
306,S,1,0,1,Mr,S,5,151.55,1,male,train,3
307,C,1,2,38,Ms,C,5,110.8833,1,female,train,0
308,C,1,1,17,Ms,C,5,108.9,1,female,train,1
309,C,2,1,30,Mr,C,3,24,0,male,train,1
310,C,1,1,30,Ms,C,5,56.9292,1,female,train,0
311,C,1,1,24,Ms,C,5,83.1583,1,female,train,0
312,C,1,1,18,Ms,C,5,262.375,1,female,train,4
313,S,2,1,26,Ms,S,3,26,0,female,train,2
314,S,3,1,28,Mr,S,1,7.8958,0,male,train,0
315,S,2,2,43,Mr,S,4,26.25,0,male,train,2
316,S,3,1,26,Ms,S,1,7.8542,1,female,train,0
317,S,2,1,24,Ms,S,3,26,1,female,train,1
318,S,2,3,54,Honorary,S,2,14,0,male,train,0
319,S,1,1,31,Ms,S,5,164.8667,1,female,train,2
320,C,1,2,40,Ms,C,5,134.5,1,female,train,2
321,S,3,1,22,Mr,S,0,7.25,0,male,train,0
322,S,3,1,27,Mr,S,1,7.8958,0,male,train,0
323,Q,2,1,30,Ms,Q,2,12.35,1,female,train,0
324,S,2,1,22,Ms,S,4,29,1,female,train,2
325,S,3,1,25,Mr,S,5,69.55,0,male,train,10
326,C,1,2,36,Ms,C,5,135.6333,1,female,train,0
327,S,3,3,61,Mr,S,0,6.2375,0,male,train,0
328,S,2,2,36,Ms,S,2,13,1,female,train,0
329,S,3,1,31,Ms,S,3,20.525,1,female,train,2
330,C,1,0,16,Ms,C,5,57.9792,1,female,train,1
331,Q,3,1,25,Ms,Q,3,23.25,1,female,train,2
332,S,1,2,46,Mr,S,4,28.5,0,male,train,0
333,S,1,2,38,Mr,S,5,153.4625,0,male,train,1
334,S,3,0,16,Mr,S,3,18,0,male,train,2
335,S,1,2,38,Ms,S,5,133.65,1,female,train,1
336,S,3,1,25,Mr,S,1,7.8958,0,male,train,0
337,S,1,1,29,Mr,S,5,66.6,0,male,train,1
338,C,1,2,41,Ms,C,5,134.5,1,female,train,0
339,S,3,2,45,Mr,S,1,8.05,1,male,train,0
340,S,1,2,45,Mr,S,4,35.5,0,male,train,0
341,S,2,0,2,Mr,S,3,26,1,male,train,2
342,S,1,1,24,Ms,S,5,263,1,female,train,5
343,S,2,1,28,Mr,S,2,13,0,male,train,0
344,S,2,1,25,Mr,S,2,13,0,male,train,0
345,S,2,2,36,Mr,S,2,13,0,male,train,0
346,S,2,1,24,Ms,S,2,13,1,female,train,0
347,S,2,2,40,Ms,S,2,13,1,female,train,0
348,S,3,1,25,Ms,S,3,16.1,1,female,train,1
349,S,3,0,3,Mr,S,3,15.9,1,male,train,2
350,S,3,2,42,Mr,S,2,8.6625,0,male,train,0
351,S,3,1,23,Mr,S,2,9.225,0,male,train,0
352,S,1,2,38,Mr,S,4,35,0,male,train,0
353,C,3,0,15,Mr,C,0,7.2292,0,male,train,2
354,S,3,1,25,Mr,S,3,17.8,0,male,train,1
355,C,3,1,25,Mr,C,0,7.225,0,male,train,0
356,S,3,1,28,Mr,S,2,9.5,0,male,train,0
357,S,1,1,22,Ms,S,5,55,1,female,train,1
358,S,2,2,38,Ms,S,2,13,0,female,train,0
359,Q,3,1,25,Ms,Q,1,7.8792,1,female,train,0
360,Q,3,1,25,Ms,Q,1,7.8792,1,female,train,0
361,S,3,2,40,Mr,S,4,27.9,0,male,train,5
362,C,2,1,29,Mr,C,4,27.7208,0,male,train,1
363,C,3,2,45,Ms,C,3,14.4542,0,female,train,1
364,S,3,2,35,Mr,S,0,7.05,0,male,train,0
365,Q,3,1,25,Mr,Q,3,15.5,0,male,train,1
366,S,3,1,30,Mr,S,0,7.25,0,male,train,0
367,C,1,3,60,Ms,C,5,75.25,1,female,train,1
368,C,3,1,25,Ms,C,0,7.2292,1,female,train,0
369,Q,3,1,25,Ms,Q,0,7.75,1,female,train,0
370,C,1,1,24,Ms,C,5,69.3,1,female,train,0
371,C,1,1,25,Mr,C,5,55.4417,1,male,train,1
372,S,3,1,18,Mr,S,0,6.4958,0,male,train,1
373,S,3,1,19,Mr,S,1,8.05,0,male,train,0
374,C,1,1,22,Mr,C,5,135.6333,0,male,train,0
375,S,3,0,3,Ms,S,3,21.075,0,female,train,4
376,C,1,2,38,Ms,C,5,82.1708,1,female,train,1
377,S,3,1,22,Ms,S,0,7.25,1,female,train,0
378,C,1,1,27,Mr,C,5,211.5,0,male,train,2
379,C,3,1,20,Mr,C,0,4.0125,0,male,train,0
380,S,3,1,19,Mr,S,0,7.775,0,male,train,0
381,C,1,2,42,Ms,C,5,227.525,1,female,train,0
382,C,3,0,1,Ms,C,3,15.7417,1,female,train,2
383,S,3,1,32,Mr,S,1,7.925,0,male,train,0
384,S,1,2,35,Ms,S,4,52,1,female,train,1
385,S,3,1,25,Mr,S,1,7.8958,0,male,train,0
386,S,2,1,18,Mr,S,5,73.5,0,male,train,0
387,S,3,0,1,Mr,S,4,46.9,0,male,train,7
388,S,2,2,36,Ms,S,2,13,1,female,train,0
389,Q,3,1,25,Mr,Q,0,7.7292,0,male,train,0
390,C,2,1,17,Ms,C,2,12,1,female,train,0
391,S,1,2,36,Mr,S,5,120,1,male,train,3
392,S,3,1,21,Mr,S,1,7.7958,1,male,train,0
393,S,3,1,28,Mr,S,1,7.925,0,male,train,2
394,C,1,1,23,Ms,C,5,113.275,1,female,train,1
395,S,3,1,24,Ms,S,3,16.7,1,female,train,2
396,S,3,1,22,Mr,S,1,7.7958,0,male,train,0
397,S,3,1,31,Ms,S,1,7.8542,0,female,train,0
398,S,2,2,46,Mr,S,3,26,0,male,train,0
399,S,2,1,23,Honorary,S,2,10.5,0,male,train,0
400,S,2,1,28,Ms,S,2,12.65,1,female,train,0
401,S,3,2,39,Mr,S,1,7.925,1,male,train,0
402,S,3,1,26,Mr,S,1,8.05,0,male,train,0
403,S,3,1,21,Ms,S,2,9.825,0,female,train,1
404,S,3,1,28,Mr,S,3,15.85,0,male,train,1
405,S,3,1,20,Ms,S,2,8.6625,0,female,train,0
406,S,2,2,34,Mr,S,3,21,0,male,train,1
407,S,3,3,51,Mr,S,0,7.75,0,male,train,0
408,S,2,0,3,Mr,S,3,18.75,1,male,train,2
409,S,3,1,21,Mr,S,0,7.775,0,male,train,0
410,S,3,1,25,Ms,S,3,25.4667,0,female,train,4
411,S,3,1,25,Mr,S,1,7.8958,0,male,train,0
412,Q,3,1,25,Mr,Q,0,6.8583,0,male,train,0
413,Q,1,2,33,Ms,Q,5,90,1,female,train,1
414,S,2,1,30,Mr,S,0,0,0,male,train,0
415,S,3,2,44,Mr,S,1,7.925,1,male,train,0
416,S,3,1,25,Ms,S,1,8.05,0,female,train,0
417,S,2,2,34,Ms,S,4,32.5,1,female,train,2
418,S,2,1,18,Ms,S,2,13,1,female,train,2
419,S,2,1,30,Mr,S,2,13,0,male,train,0
420,S,3,0,10,Ms,S,3,24.15,0,female,train,2
421,C,3,1,25,Mr,C,1,7.8958,0,male,train,0
422,Q,3,1,21,Mr,Q,0,7.7333,0,male,train,0
423,S,3,1,29,Mr,S,1,7.875,0,male,train,0
424,S,3,1,28,Ms,S,2,14.4,0,female,train,2
425,S,3,1,18,Mr,S,3,20.2125,0,male,train,2
426,S,3,1,25,Mr,S,0,7.25,0,male,train,0
427,S,2,1,28,Ms,S,3,26,1,female,train,1
428,S,2,1,19,Ms,S,3,26,1,female,train,0
429,Q,3,1,25,Mr,Q,0,7.75,0,male,train,0
430,S,3,1,32,Mr,S,1,8.05,1,male,train,0
431,S,1,1,28,Mr,S,4,26.55,1,male,train,0
432,S,3,1,25,Ms,S,3,16.1,1,female,train,1
433,S,2,2,42,Ms,S,3,26,1,female,train,1
434,S,3,1,17,Mr,S,0,7.125,0,male,train,0
435,S,1,3,50,Mr,S,5,55.9,0,male,train,1
436,S,1,0,14,Ms,S,5,120,1,female,train,3
437,S,3,1,21,Ms,S,4,34.375,0,female,train,4
438,S,2,1,24,Ms,S,3,18.75,1,female,train,5
439,S,1,3,64,Mr,S,5,263,0,male,train,5
440,S,2,1,31,Mr,S,2,10.5,0,male,train,0
441,S,2,2,45,Ms,S,4,26.25,1,female,train,2
442,S,3,1,20,Mr,S,2,9.5,0,male,train,0
443,S,3,1,25,Mr,S,0,7.775,0,male,train,1
444,S,2,1,28,Ms,S,2,13,1,female,train,0
445,S,3,1,25,Mr,S,1,8.1125,1,male,train,0
446,S,1,0,4,Mr,S,5,81.8583,1,male,train,2
447,S,2,0,13,Ms,S,3,19.5,1,female,train,1
448,S,1,2,34,Mr,S,4,26.55,1,male,train,0
449,C,3,0,5,Ms,C,3,19.2583,1,female,train,3
450,S,1,3,52,Honorary,S,4,30.5,1,male,train,0
451,S,2,2,36,Mr,S,4,27.75,0,male,train,3
452,S,3,1,25,Mr,S,3,19.9667,0,male,train,1
453,C,1,1,30,Mr,C,4,27.75,0,male,train,0
454,C,1,3,49,Mr,C,5,89.1042,1,male,train,1
455,S,3,1,25,Mr,S,1,8.05,0,male,train,0
456,C,3,1,29,Mr,C,1,7.8958,1,male,train,0
457,S,1,4,65,Mr,S,4,26.55,0,male,train,0
458,S,1,2,38,Ms,S,4,51.8625,1,female,train,1
459,S,2,3,50,Ms,S,2,10.5,1,female,train,0
460,Q,3,1,25,Mr,Q,0,7.75,0,male,train,0
461,S,1,2,48,Mr,S,4,26.55,1,male,train,0
462,S,3,2,34,Mr,S,1,8.05,0,male,train,0
463,S,1,2,47,Mr,S,4,38.5,0,male,train,0
464,S,2,2,48,Mr,S,2,13,0,male,train,0
465,S,3,1,25,Mr,S,1,8.05,0,male,train,0
466,S,3,2,38,Mr,S,0,7.05,0,male,train,0
467,S,2,1,30,Mr,S,0,0,0,male,train,0
468,S,1,3,56,Mr,S,4,26.55,0,male,train,0
469,Q,3,1,25,Mr,Q,0,7.725,0,male,train,0
470,C,3,0,1,Ms,C,3,19.2583,1,female,train,3
471,S,3,1,25,Mr,S,0,7.25,0,male,train,0
472,S,3,2,38,Mr,S,2,8.6625,0,male,train,0
473,S,2,2,33,Ms,S,4,27.75,1,female,train,3
474,C,2,1,23,Ms,C,2,13.7917,1,female,train,0
475,S,3,1,22,Ms,S,2,9.8375,0,female,train,0
476,S,1,2,38,Mr,S,4,52,0,male,train,0
477,S,2,2,34,Mr,S,3,21,0,male,train,1
478,S,3,1,29,Mr,S,0,7.0458,0,male,train,1
479,S,3,1,22,Mr,S,0,7.5208,0,male,train,0
480,S,3,0,2,Ms,S,2,12.2875,1,female,train,1
481,S,3,0,9,Mr,S,4,46.9,0,male,train,7
482,S,2,1,30,Mr,S,0,0,0,male,train,0
483,S,3,3,50,Mr,S,1,8.05,0,male,train,0
484,S,3,3,63,Ms,S,2,9.5875,1,female,train,0
485,C,1,1,25,Mr,C,5,91.0792,1,male,train,1
486,S,3,1,25,Ms,S,3,25.4667,0,female,train,4
487,S,1,2,35,Ms,S,5,90,1,female,train,1
488,C,1,3,58,Mr,C,4,29.7,0,male,train,0
489,S,3,1,30,Mr,S,1,8.05,0,male,train,0
490,S,3,0,9,Mr,S,3,15.9,1,male,train,2
491,S,3,1,25,Mr,S,3,19.9667,0,male,train,1
492,S,3,1,21,Mr,S,0,7.25,0,male,train,0
493,S,1,3,55,Mr,S,4,30.5,0,male,train,0
494,C,1,4,71,Mr,C,4,49.5042,0,male,train,0
495,S,3,1,21,Mr,S,1,8.05,0,male,train,0
496,C,3,1,25,Mr,C,3,14.4583,0,male,train,0
497,C,1,3,54,Ms,C,5,78.2667,1,female,train,1
498,S,3,1,25,Mr,S,3,15.1,0,male,train,0
499,S,1,1,25,Ms,S,5,151.55,0,female,train,3
500,S,3,1,24,Mr,S,1,7.7958,0,male,train,0
501,S,3,1,17,Mr,S,2,8.6625,0,male,train,0
502,Q,3,1,21,Ms,Q,0,7.75,0,female,train,0
503,Q,3,1,25,Ms,Q,0,7.6292,0,female,train,0
504,S,3,2,37,Ms,S,2,9.5875,0,female,train,0
505,S,1,0,16,Ms,S,5,86.5,1,female,train,0
506,C,1,1,18,Mr,C,5,108.9,0,male,train,1
507,S,2,2,33,Ms,S,3,26,1,female,train,2
508,S,1,2,38,Mr,S,4,26.55,1,male,train,0
509,S,3,1,28,Mr,S,3,22.525,0,male,train,0
510,S,3,1,26,Mr,S,5,56.4958,1,male,train,0
511,Q,3,1,29,Mr,Q,0,7.75,1,male,train,0
512,S,3,1,25,Mr,S,1,8.05,0,male,train,0
513,S,1,2,36,Mr,S,4,26.2875,1,male,train,0
514,C,1,3,54,Ms,C,5,59.4,1,female,train,1
515,S,3,1,24,Mr,S,0,7.4958,0,male,train,0
516,S,1,2,47,Mr,S,4,34.0208,0,male,train,0
517,S,2,2,34,Ms,S,2,10.5,1,female,train,0
518,Q,3,1,25,Mr,Q,3,24.15,0,male,train,0
519,S,2,2,36,Ms,S,3,26,1,female,train,1
520,S,3,1,32,Mr,S,1,7.8958,0,male,train,0
521,S,1,1,30,Ms,S,5,93.5,1,female,train,0
522,S,3,1,22,Mr,S,1,7.8958,0,male,train,0
523,C,3,1,25,Mr,C,0,7.225,0,male,train,0
524,C,1,2,44,Ms,C,5,57.9792,1,female,train,1
525,C,3,1,25,Mr,C,0,7.2292,0,male,train,0
526,Q,3,2,41,Mr,Q,0,7.75,0,male,train,0
527,S,2,3,50,Ms,S,2,10.5,1,female,train,0
528,S,1,2,38,Mr,S,5,221.7792,0,male,train,0
529,S,3,2,39,Mr,S,1,7.925,0,male,train,0
530,S,2,1,23,Mr,S,2,11.5,0,male,train,3
531,S,2,0,2,Ms,S,3,26,1,female,train,2
532,C,3,1,25,Mr,C,0,7.2292,0,male,train,0
533,C,3,1,17,Mr,C,0,7.2292,0,male,train,2
534,C,3,1,25,Ms,C,3,22.3583,1,female,train,2
535,S,3,1,30,Ms,S,2,8.6625,0,female,train,0
536,S,2,0,7,Ms,S,4,26.25,1,female,train,2
537,S,1,2,45,Honorary,S,4,26.55,0,male,train,0
538,C,1,1,30,Ms,C,5,106.425,1,female,train,0
539,S,3,1,25,Mr,S,3,14.5,0,male,train,0
540,C,1,1,22,Ms,C,4,49.5,1,female,train,2
541,S,1,2,36,Ms,S,5,71,1,female,train,2
542,S,3,0,9,Ms,S,4,31.275,0,female,train,6
543,S,3,0,11,Ms,S,4,31.275,0,female,train,6
544,S,2,1,32,Mr,S,3,26,1,male,train,1
545,C,1,3,50,Mr,C,5,106.425,0,male,train,1
546,S,1,3,64,Mr,S,3,26,0,male,train,0
547,S,2,1,19,Ms,S,3,26,1,female,train,1
548,C,2,1,30,Mr,C,2,13.8625,1,male,train,0
549,S,3,2,33,Mr,S,3,20.525,0,male,train,2
550,S,2,0,8,Mr,S,4,36.75,1,male,train,2
551,C,1,1,17,Mr,C,5,110.8833,1,male,train,2
552,S,2,1,27,Mr,S,3,26,0,male,train,0
553,Q,3,1,25,Mr,Q,1,7.8292,0,male,train,0
554,C,3,1,22,Mr,C,0,7.225,1,male,train,0
555,S,3,1,22,Ms,S,0,7.775,1,female,train,0
556,S,1,3,62,Mr,S,4,26.55,0,male,train,0
557,C,1,2,48,Honorary,C,4,39.6,1,female,train,1
558,C,1,2,38,Mr,C,5,227.525,0,male,train,0
559,S,1,2,39,Ms,S,5,79.65,1,female,train,2
560,S,3,2,36,Ms,S,3,17.4,1,female,train,1
561,Q,3,1,25,Mr,Q,0,7.75,0,male,train,0
562,S,3,2,40,Mr,S,1,7.8958,0,male,train,0
563,S,2,1,28,Mr,S,2,13.5,0,male,train,0
564,S,3,1,25,Mr,S,1,8.05,0,male,train,0
565,S,3,1,25,Ms,S,1,8.05,0,female,train,0
566,S,3,1,24,Mr,S,3,24.15,0,male,train,2
567,S,3,1,19,Mr,S,1,7.8958,0,male,train,0
568,S,3,1,29,Ms,S,3,21.075,0,female,train,4
569,C,3,1,25,Mr,C,0,7.2292,0,male,train,0
570,S,3,1,32,Mr,S,1,7.8542,1,male,train,0
571,S,2,3,62,Mr,S,2,10.5,1,male,train,0
572,S,1,3,53,Ms,S,4,51.4792,1,female,train,2
573,S,1,2,36,Mr,S,4,26.3875,1,male,train,0
574,Q,3,1,25,Ms,Q,0,7.75,1,female,train,0
575,S,3,0,16,Mr,S,1,8.05,0,male,train,0
576,S,3,1,19,Mr,S,3,14.5,0,male,train,0
577,S,2,2,34,Ms,S,2,13,1,female,train,0
578,S,1,2,39,Ms,S,5,55.9,1,female,train,1
579,C,3,1,25,Ms,C,3,14.4583,0,female,train,1
580,S,3,1,32,Mr,S,1,7.925,1,male,train,0
581,S,2,1,25,Ms,S,4,30,1,female,train,2
582,C,1,2,39,Ms,C,5,110.8833,1,female,train,2
583,S,2,3,54,Mr,S,3,26,0,male,train,0
584,C,1,2,36,Mr,C,4,40.125,0,male,train,0
585,C,3,1,25,Mr,C,2,8.7125,0,male,train,0
586,S,1,1,18,Ms,S,5,79.65,1,female,train,2
587,S,2,2,47,Mr,S,3,15,0,male,train,0
588,C,1,3,60,Mr,C,5,79.2,1,male,train,2
589,S,3,1,22,Mr,S,1,8.05,0,male,train,0
590,S,3,1,25,Mr,S,1,8.05,0,male,train,0
591,S,3,2,35,Mr,S,0,7.125,0,male,train,0
592,C,1,3,52,Ms,C,5,78.2667,1,female,train,1
593,S,3,2,47,Mr,S,0,7.25,0,male,train,0
594,Q,3,1,25,Ms,Q,0,7.75,0,female,train,2
595,S,2,2,37,Mr,S,3,26,0,male,train,1
596,S,3,2,36,Mr,S,3,24.15,0,male,train,2
597,S,2,1,30,Ms,S,4,33,1,female,train,0
598,S,3,3,49,Mr,S,0,0,0,male,train,0
599,C,3,1,25,Mr,C,0,7.225,0,male,train,0
600,C,1,3,49,Honorary,C,5,56.9292,1,male,train,1
601,S,2,1,24,Ms,S,4,27,1,female,train,3
602,S,3,1,25,Mr,S,1,7.8958,0,male,train,0
603,S,1,2,38,Mr,S,4,42.4,0,male,train,0
604,S,3,2,44,Mr,S,1,8.05,0,male,train,0
605,C,1,2,35,Mr,C,4,26.55,1,male,train,0
606,S,3,2,36,Mr,S,3,15.55,0,male,train,1
607,S,3,1,30,Mr,S,1,7.8958,0,male,train,0
608,S,1,1,27,Mr,S,4,30.5,1,male,train,0
609,C,2,1,22,Ms,C,4,41.5792,1,female,train,3
610,S,1,2,40,Ms,S,5,153.4625,1,female,train,0
611,S,3,2,39,Ms,S,4,31.275,0,female,train,6
612,S,3,1,25,Mr,S,0,7.05,0,male,train,0
613,Q,3,1,25,Ms,Q,3,15.5,1,female,train,1
614,Q,3,1,25,Mr,Q,0,7.75,0,male,train,0
615,S,3,2,35,Mr,S,1,8.05,0,male,train,0
616,S,2,1,24,Ms,S,5,65,1,female,train,3
617,S,3,2,34,Mr,S,2,14.4,0,male,train,2
618,S,3,1,26,Ms,S,3,16.1,0,female,train,1
619,S,2,0,4,Ms,S,4,39,1,female,train,3
620,S,2,1,26,Mr,S,2,10.5,0,male,train,0
621,C,3,1,27,Mr,C,3,14.4542,0,male,train,1
622,S,1,2,42,Mr,S,5,52.5542,1,male,train,1
623,C,3,1,20,Mr,C,3,15.7417,1,male,train,2
624,S,3,1,21,Mr,S,1,7.8542,0,male,train,0
625,S,3,1,21,Mr,S,3,16.1,0,male,train,0
626,S,1,3,61,Mr,S,4,32.3208,0,male,train,0
627,Q,2,3,57,Officer,Q,2,12.35,0,male,train,0
628,S,1,1,21,Ms,S,5,77.9583,1,female,train,0
629,S,3,1,26,Mr,S,1,7.8958,0,male,train,0
630,Q,3,1,25,Mr,Q,0,7.7333,0,male,train,0
631,S,1,4,80,Mr,S,4,30,1,male,train,0
632,S,3,3,51,Mr,S,0,7.0542,0,male,train,0
633,C,1,1,32,Honorary,C,4,30.5,1,male,train,0
634,S,1,2,38,Mr,S,0,0,0,male,train,0
635,S,3,0,9,Ms,S,4,27.9,0,female,train,5
636,S,2,1,28,Ms,S,2,13,1,female,train,0
637,S,3,1,32,Mr,S,1,7.925,0,male,train,0
638,S,2,1,31,Mr,S,4,26.25,0,male,train,2
639,S,3,2,41,Ms,S,4,39.6875,0,female,train,5
640,S,3,1,25,Mr,S,3,16.1,0,male,train,1
641,S,3,1,20,Mr,S,1,7.8542,0,male,train,0
642,C,1,1,24,Ms,C,5,69.3,1,female,train,0
643,S,3,0,2,Ms,S,4,27.9,0,female,train,5
644,S,3,1,25,Mr,S,5,56.4958,1,male,train,0
645,C,3,0,1,Ms,C,3,19.2583,1,female,train,3
646,C,1,2,48,Mr,C,5,76.7292,1,male,train,1
647,S,3,1,19,Mr,S,1,7.8958,0,male,train,0
648,C,1,3,56,Honorary,C,4,35.5,1,male,train,0
649,S,3,1,25,Mr,S,0,7.55,0,male,train,0
650,S,3,1,23,Ms,S,0,7.55,1,female,train,0
651,S,3,1,25,Mr,S,1,7.8958,0,male,train,0
652,S,2,1,18,Ms,S,3,23,1,female,train,1
653,S,3,1,21,Mr,S,1,8.4333,0,male,train,0
654,Q,3,1,25,Ms,Q,1,7.8292,1,female,train,0
655,Q,3,1,18,Ms,Q,0,6.75,0,female,train,0
656,S,2,1,24,Mr,S,5,73.5,0,male,train,2
657,S,3,1,25,Mr,S,1,7.8958,0,male,train,0
658,Q,3,1,32,Ms,Q,3,15.5,0,female,train,2
659,S,2,1,23,Mr,S,2,13,0,male,train,0
660,C,1,3,58,Mr,C,5,113.275,0,male,train,2
661,S,1,3,50,Honorary,S,5,133.65,1,male,train,2
662,C,3,2,40,Mr,C,0,7.225,0,male,train,0
663,S,1,2,47,Mr,S,3,25.5875,0,male,train,0
664,S,3,2,36,Mr,S,0,7.4958,0,male,train,0
665,S,3,1,20,Mr,S,1,7.925,1,male,train,1
666,S,2,1,32,Mr,S,5,73.5,0,male,train,2
667,S,2,1,25,Mr,S,2,13,0,male,train,0
668,S,3,1,25,Mr,S,0,7.775,0,male,train,0
669,S,3,2,43,Mr,S,1,8.05,0,male,train,0
670,S,1,2,38,Ms,S,4,52,1,female,train,1
671,S,2,2,40,Ms,S,4,39,1,female,train,2
672,S,1,1,31,Mr,S,4,52,0,male,train,1
673,S,2,4,70,Mr,S,2,10.5,0,male,train,0
674,S,2,1,31,Mr,S,2,13,1,male,train,0
675,S,2,1,30,Mr,S,0,0,0,male,train,0
676,S,3,1,18,Mr,S,0,7.775,0,male,train,0
677,S,3,1,25,Mr,S,1,8.05,0,male,train,0
678,S,3,1,18,Ms,S,2,9.8417,1,female,train,0
679,S,3,2,43,Ms,S,4,46.9,0,female,train,7
680,C,1,2,36,Mr,C,5,512.3292,1,male,train,1
681,Q,3,1,25,Ms,Q,1,8.1375,0,female,train,0
682,C,1,1,27,Mr,C,5,76.7292,1,male,train,0
683,S,3,1,20,Mr,S,2,9.225,0,male,train,0
684,S,3,0,14,Mr,S,4,46.9,0,male,train,7
685,S,2,3,60,Mr,S,4,39,0,male,train,2
686,C,2,1,25,Mr,C,4,41.5792,0,male,train,3
687,S,3,0,14,Mr,S,4,39.6875,0,male,train,5
688,S,3,1,19,Mr,S,2,10.1708,0,male,train,0
689,S,3,1,18,Mr,S,1,7.7958,0,male,train,0
690,S,1,0,15,Ms,S,5,211.3375,1,female,train,1
691,S,1,1,31,Mr,S,5,57,1,male,train,1
692,C,3,0,4,Ms,C,2,13.4167,1,female,train,1
693,S,3,1,25,Mr,S,5,56.4958,1,male,train,0
694,C,3,1,25,Mr,C,0,7.225,0,male,train,0
695,S,1,3,60,Honorary,S,4,26.55,0,male,train,0
696,S,2,3,52,Mr,S,2,13.5,0,male,train,0
697,S,3,2,44,Mr,S,1,8.05,0,male,train,0
698,Q,3,1,25,Ms,Q,0,7.7333,1,female,train,0
699,C,1,3,49,Mr,C,5,110.8833,0,male,train,2
700,S,3,2,42,Mr,S,0,7.65,0,male,train,0
701,C,1,1,18,Ms,C,5,227.525,1,female,train,1
702,S,1,2,35,Mr,S,4,26.2875,1,male,train,0
703,C,3,1,18,Ms,C,3,14.4542,0,female,train,1
704,Q,3,1,25,Mr,Q,0,7.7417,0,male,train,0
705,S,3,1,26,Mr,S,1,7.8542,0,male,train,1
706,S,2,2,39,Mr,S,3,26,0,male,train,0
707,S,2,2,45,Ms,S,2,13.5,1,female,train,0
708,S,1,2,42,Mr,S,4,26.2875,1,male,train,0
709,S,1,1,22,Ms,S,5,151.55,1,female,train,0
710,C,3,1,25,Mr,C,3,15.2458,1,male,train,2
711,C,1,1,24,Ms,C,4,49.5042,1,female,train,0
712,S,1,2,38,Mr,S,4,26.55,0,male,train,0
713,S,1,2,48,Mr,S,4,52,1,male,train,1
714,S,3,1,29,Mr,S,2,9.4833,0,male,train,0
715,S,2,3,52,Mr,S,2,13,0,male,train,0
716,S,3,1,19,Mr,S,0,7.65,0,male,train,0
717,C,1,2,38,Ms,C,5,227.525,1,female,train,0
718,S,2,1,27,Ms,S,2,10.5,1,female,train,0
719,Q,3,1,25,Mr,Q,3,15.5,0,male,train,0
720,S,3,2,33,Mr,S,0,7.775,0,male,train,0
721,S,2,0,6,Ms,S,4,33,1,female,train,1
722,S,3,1,17,Mr,S,0,7.0542,0,male,train,1
723,S,2,2,34,Mr,S,2,13,0,male,train,0
724,S,2,3,50,Mr,S,2,13,0,male,train,0
725,S,1,1,27,Mr,S,5,53.1,1,male,train,1
726,S,3,1,20,Mr,S,2,8.6625,0,male,train,0
727,S,2,1,30,Ms,S,3,21,1,female,train,3
728,Q,3,1,25,Ms,Q,0,7.7375,1,female,train,0
729,S,2,1,25,Mr,S,3,26,0,male,train,1
730,S,3,1,25,Ms,S,1,7.925,0,female,train,1
731,S,1,1,29,Ms,S,5,211.3375,1,female,train,0
732,C,3,0,11,Mr,C,3,18.7875,0,male,train,0
733,S,2,1,30,Mr,S,0,0,0,male,train,0
734,S,2,1,23,Mr,S,2,13,0,male,train,0
735,S,2,1,23,Mr,S,2,13,0,male,train,0
736,S,3,1,29,Mr,S,3,16.1,0,male,train,0
737,S,3,2,48,Ms,S,4,34.375,0,female,train,4
738,C,1,2,35,Mr,C,5,512.3292,1,male,train,0
739,S,3,1,25,Mr,S,1,7.8958,0,male,train,0
740,S,3,1,25,Mr,S,1,7.8958,0,male,train,0
741,S,1,2,38,Mr,S,4,30,1,male,train,0
742,S,1,2,36,Mr,S,5,78.85,0,male,train,1
743,C,1,1,21,Ms,C,5,262.375,1,female,train,4
744,S,3,1,24,Mr,S,3,16.1,0,male,train,1
745,S,3,1,31,Mr,S,1,7.925,1,male,train,0
746,S,1,4,70,Officer,S,5,71,0,male,train,2
747,S,3,0,16,Mr,S,3,20.25,0,male,train,2
748,S,2,1,30,Ms,S,2,13,1,female,train,0
749,S,1,1,19,Mr,S,5,53.1,0,male,train,1
750,Q,3,1,31,Mr,Q,0,7.75,0,male,train,0
751,S,2,0,4,Ms,S,3,23,1,female,train,2
752,S,3,0,6,Mr,S,2,12.475,1,male,train,1
753,S,3,2,33,Mr,S,2,9.5,0,male,train,0
754,S,3,1,23,Mr,S,1,7.8958,0,male,train,0
755,S,2,2,48,Ms,S,5,65,1,female,train,3
756,S,2,0,1,Mr,S,3,14.5,1,male,train,2
757,S,3,1,28,Mr,S,1,7.7958,0,male,train,0
758,S,2,1,18,Mr,S,2,11.5,0,male,train,0
759,S,3,2,34,Mr,S,1,8.05,0,male,train,0
760,S,1,2,33,Honorary,S,5,86.5,1,female,train,0
761,S,3,1,25,Mr,S,3,14.5,0,male,train,0
762,S,3,2,41,Mr,S,0,7.125,0,male,train,0
763,C,3,1,20,Mr,C,0,7.2292,1,male,train,0
764,S,1,2,36,Ms,S,5,120,1,female,train,3
765,S,3,0,16,Mr,S,0,7.775,0,male,train,0
766,S,1,3,51,Ms,S,5,77.9583,1,female,train,1
767,C,1,2,38,Honorary,C,4,39.6,0,male,train,0
768,Q,3,1,31,Ms,Q,0,7.75,0,female,train,0
769,Q,3,1,25,Mr,Q,3,24.15,0,male,train,1
770,S,3,1,32,Mr,S,1,8.3625,0,male,train,0
771,S,3,1,24,Mr,S,2,9.5,0,male,train,0
772,S,3,2,48,Mr,S,1,7.8542,0,male,train,0
773,S,2,3,57,Ms,S,2,10.5,0,female,train,0
774,C,3,1,25,Mr,C,0,7.225,0,male,train,0
775,S,2,3,54,Ms,S,3,23,1,female,train,4
776,S,3,1,18,Mr,S,0,7.75,0,male,train,0
777,Q,3,1,25,Mr,Q,0,7.75,0,male,train,0
778,S,3,0,5,Ms,S,2,12.475,1,female,train,0
779,Q,3,1,25,Mr,Q,0,7.7375,0,male,train,0
780,S,1,2,43,Ms,S,5,211.3375,1,female,train,1
781,C,3,0,13,Ms,C,0,7.2292,1,female,train,0
782,S,1,1,17,Ms,S,5,57,1,female,train,1
783,S,1,1,29,Mr,S,4,30,0,male,train,0
784,S,3,1,25,Mr,S,3,23.45,0,male,train,3
785,S,3,1,25,Mr,S,0,7.05,0,male,train,0
786,S,3,1,25,Mr,S,0,7.25,0,male,train,0
787,S,3,1,18,Ms,S,0,7.4958,1,female,train,0
788,Q,3,0,8,Mr,Q,4,29.125,0,male,train,5
789,S,3,0,1,Mr,S,3,20.575,1,male,train,3
790,C,1,2,46,Mr,C,5,79.2,0,male,train,0
791,Q,3,1,25,Mr,Q,0,7.75,0,male,train,0
792,S,2,0,16,Mr,S,3,26,0,male,train,0
793,S,3,1,25,Ms,S,5,69.55,0,female,train,10
794,C,1,2,38,Mr,C,4,30.6958,0,male,train,0
795,S,3,1,25,Mr,S,1,7.8958,0,male,train,0
796,S,2,2,39,Mr,S,2,13,0,male,train,0
797,S,1,3,49,Honorary,S,3,25.9292,1,female,train,0
798,S,3,1,31,Ms,S,2,8.6833,1,female,train,0
799,C,3,1,30,Mr,C,0,7.2292,0,male,train,0
800,S,3,1,30,Ms,S,3,24.15,0,female,train,2
801,S,2,2,34,Mr,S,2,13,0,male,train,0
802,S,2,1,31,Ms,S,4,26.25,1,female,train,2
803,S,1,0,11,Mr,S,5,120,1,male,train,3
804,C,3,0,0,Mr,C,1,8.5167,1,male,train,1
805,S,3,1,27,Mr,S,0,6.975,1,male,train,0
806,S,3,1,31,Mr,S,0,7.775,0,male,train,0
807,S,1,2,39,Mr,S,0,0,0,male,train,0
808,S,3,1,18,Ms,S,0,7.775,0,female,train,0
809,S,2,2,39,Mr,S,2,13,0,male,train,0
810,S,1,2,33,Ms,S,5,53.1,1,female,train,1
811,S,3,1,26,Mr,S,1,7.8875,0,male,train,0
812,S,3,2,39,Mr,S,3,24.15,0,male,train,0
813,S,2,2,35,Mr,S,2,10.5,0,male,train,0
814,S,3,0,6,Ms,S,4,31.275,0,female,train,6
815,S,3,1,31,Mr,S,1,8.05,0,male,train,0
816,S,1,2,38,Mr,S,0,0,0,male,train,0
817,S,3,1,23,Ms,S,1,7.925,0,female,train,0
818,C,2,1,31,Mr,C,4,37.0042,0,male,train,2
819,S,3,2,43,Mr,S,0,6.45,0,male,train,0
820,S,3,0,10,Mr,S,4,27.9,0,male,train,5
821,S,1,3,52,Ms,S,5,93.5,1,female,train,2
822,S,3,1,27,Mr,S,2,8.6625,1,male,train,0
823,S,1,2,38,Honorary,S,0,0,0,male,train,0
824,S,3,1,27,Ms,S,2,12.475,1,female,train,1
825,S,3,0,2,Mr,S,4,39.6875,0,male,train,5
826,Q,3,1,25,Mr,Q,0,6.95,0,male,train,0
827,S,3,1,25,Mr,S,5,56.4958,0,male,train,0
828,C,2,0,1,Mr,C,4,37.0042,1,male,train,2
829,Q,3,1,25,Mr,Q,0,7.75,1,male,train,0
830,S,1,3,62,Ms,,5,80,1,female,train,0
831,C,3,0,15,Ms,C,3,14.4542,1,female,train,1
832,S,2,0,1,Mr,S,3,18.75,1,male,train,2
833,C,3,1,25,Mr,C,0,7.2292,0,male,train,0
834,S,3,1,23,Mr,S,1,7.8542,0,male,train,0
835,S,3,1,18,Mr,S,1,8.3,0,male,train,0
836,C,1,2,39,Ms,C,5,83.1583,1,female,train,2
837,S,3,1,21,Mr,S,2,8.6625,0,male,train,0
838,S,3,1,25,Mr,S,1,8.05,0,male,train,0
839,S,3,1,32,Mr,S,5,56.4958,1,male,train,0
840,C,1,2,38,Mr,C,4,29.7,1,male,train,0
841,S,3,1,20,Mr,S,1,7.925,0,male,train,0
842,S,2,0,16,Mr,S,2,10.5,0,male,train,0
843,C,1,1,30,Ms,C,4,31,1,female,train,0
844,C,3,2,35,Mr,C,0,6.4375,0,male,train,0
845,S,3,1,17,Mr,S,2,8.6625,0,male,train,0
846,S,3,2,42,Mr,S,0,7.55,0,male,train,0
847,S,3,1,25,Mr,S,5,69.55,0,male,train,10
848,C,3,2,35,Mr,C,1,7.8958,0,male,train,0
849,S,2,1,28,Officer,S,4,33,0,male,train,1
850,C,1,2,38,Ms,C,5,89.1042,1,female,train,1
851,S,3,0,4,Mr,S,4,31.275,0,male,train,6
852,S,3,4,74,Mr,S,0,7.775,0,male,train,0
853,C,3,0,9,Ms,C,3,15.2458,0,female,train,2
854,S,1,0,16,Ms,S,4,39.4,1,female,train,1
855,S,2,2,44,Ms,S,3,26,0,female,train,1
856,S,3,1,18,Ms,S,2,9.35,1,female,train,1
857,S,1,2,45,Ms,S,5,164.8667,1,female,train,2
858,S,1,3,51,Mr,S,4,26.55,1,male,train,0
859,C,3,1,24,Ms,C,3,19.2583,1,female,train,3
860,C,3,1,25,Mr,C,0,7.2292,0,male,train,0
861,S,3,2,41,Mr,S,2,14.1083,0,male,train,2
862,S,2,1,21,Mr,S,2,11.5,0,male,train,1
863,S,1,2,48,Ms,S,3,25.9292,1,female,train,0
864,S,3,1,25,Ms,S,5,69.55,0,female,train,10
865,S,2,1,24,Mr,S,2,13,0,male,train,0
866,S,2,2,42,Ms,S,2,13,1,female,train,0
867,C,2,1,27,Ms,C,2,13.8583,1,female,train,1
868,S,1,1,31,Mr,S,4,50.4958,0,male,train,0
869,S,3,1,25,Mr,S,2,9.5,0,male,train,0
870,S,3,0,4,Mr,S,2,11.1333,1,male,train,2
871,S,3,1,26,Mr,S,1,7.8958,0,male,train,0
872,S,1,2,47,Ms,S,5,52.5542,1,female,train,2
873,S,1,2,33,Mr,S,0,5,0,male,train,0
874,S,3,2,47,Mr,S,2,9,0,male,train,0
875,C,2,1,28,Ms,C,3,24,1,female,train,1
876,C,3,0,15,Ms,C,0,7.225,1,female,train,0
877,S,3,1,20,Mr,S,2,9.8458,0,male,train,0
878,S,3,1,19,Mr,S,1,7.8958,0,male,train,0
879,S,3,1,25,Mr,S,1,7.8958,0,male,train,0
880,C,1,3,56,Ms,C,5,83.1583,1,female,train,1
881,S,2,1,25,Ms,S,3,26,1,female,train,1
882,S,3,2,33,Mr,S,1,7.8958,0,male,train,0
883,S,3,1,22,Ms,S,2,10.5167,0,female,train,0
884,S,2,1,28,Mr,S,2,10.5,0,male,train,0
885,S,3,1,25,Mr,S,0,7.05,0,male,train,0
886,Q,3,2,39,Ms,Q,4,29.125,0,female,train,5
887,S,2,1,27,Officer,S,2,13,0,male,train,0
888,S,1,1,19,Ms,S,4,30,1,female,train,0
889,S,3,1,25,Ms,S,3,23.45,0,female,train,3
890,C,1,1,26,Mr,C,4,30,1,male,train,0
891,Q,3,1,32,Mr,Q,0,7.75,0,male,train,0
892,Q,3,2,35,Mr,Q,1,7.8292,0,male,test,0
893,S,3,2,47,Ms,S,0,7,1,female,test,1
894,Q,2,3,62,Mr,Q,2,9.6875,0,male,test,0
895,S,3,1,27,Mr,S,2,8.6625,0,male,test,0
896,S,3,1,22,Ms,S,2,12.2875,1,female,test,2
897,S,3,0,14,Mr,S,2,9.225,0,male,test,0
898,Q,3,1,30,Ms,Q,0,7.6292,1,female,test,0
899,S,2,1,26,Mr,S,4,29,0,male,test,2
900,C,3,1,18,Ms,C,0,7.2292,1,female,test,0
901,S,3,1,21,Mr,S,3,24.15,0,male,test,2
902,S,3,1,25,Mr,S,1,7.8958,0,male,test,0
903,S,1,2,46,Mr,S,3,26,0,male,test,0
904,S,1,1,23,Ms,S,5,82.2667,1,female,test,1
905,S,2,3,63,Mr,S,3,26,0,male,test,1
906,S,1,2,47,Ms,S,5,61.175,1,female,test,1
907,C,2,1,24,Ms,C,4,27.7208,1,female,test,1
908,Q,2,2,35,Mr,Q,2,12.35,0,male,test,0
909,C,3,1,21,Mr,C,0,7.225,0,male,test,0
910,S,3,1,27,Ms,S,1,7.925,1,female,test,1
911,C,3,2,45,Ms,C,0,7.225,1,female,test,0
912,C,1,3,55,Mr,C,5,59.4,0,male,test,1
913,S,3,0,9,Mr,S,0,3.1708,0,male,test,1
914,S,1,2,38,Ms,S,4,31.6833,1,female,test,0
915,C,1,1,21,Mr,C,5,61.3792,0,male,test,1
916,C,1,2,48,Ms,C,5,262.375,1,female,test,4
917,S,3,3,50,Mr,S,3,14.5,0,male,test,1
918,C,1,1,22,Ms,C,5,61.9792,1,female,test,1
919,C,3,1,23,Mr,C,0,7.225,0,male,test,0
920,S,1,2,41,Mr,S,4,30.5,0,male,test,0
921,C,3,1,25,Mr,C,3,21.6792,0,male,test,2
922,S,2,3,50,Mr,S,3,26,0,male,test,1
923,S,2,1,24,Mr,S,4,31.5,0,male,test,2
924,S,3,2,33,Ms,S,3,20.575,1,female,test,3
925,S,3,1,25,Ms,S,3,23.45,1,female,test,3
926,C,1,1,30,Mr,C,5,57.75,0,male,test,1
927,C,3,1,19,Mr,C,0,7.2292,0,male,test,0
928,S,3,1,25,Ms,S,1,8.05,1,female,test,0
929,S,3,1,21,Ms,S,2,8.6625,1,female,test,0
930,S,3,1,25,Mr,S,2,9.5,0,male,test,0
931,S,3,1,25,Mr,S,5,56.4958,0,male,test,0
932,C,3,2,39,Mr,C,2,13.4167,0,male,test,1
933,S,1,2,38,Mr,S,4,26.55,0,male,test,0
934,S,3,2,41,Mr,S,1,7.85,0,male,test,0
935,S,2,1,30,Ms,S,2,13,1,female,test,0
936,S,1,2,45,Ms,S,5,52.5542,1,female,test,1
937,S,3,1,25,Mr,S,1,7.925,0,male,test,0
938,C,1,2,45,Mr,C,4,29.7,0,male,test,0
939,Q,3,1,25,Mr,Q,0,7.75,0,male,test,0
940,C,1,3,60,Ms,C,5,76.2917,1,female,test,0
941,S,3,2,36,Ms,S,3,15.9,1,female,test,2
942,S,1,1,24,Mr,S,5,60,0,male,test,1
943,C,2,1,27,Mr,C,3,15.0333,0,male,test,0
944,S,2,1,20,Ms,S,3,23,1,female,test,3
945,S,1,1,28,Ms,S,5,263,1,female,test,5
946,C,2,1,30,Mr,C,3,15.5792,0,male,test,0
947,Q,3,0,10,Mr,Q,4,29.125,0,male,test,5
948,S,3,2,35,Mr,S,1,7.8958,0,male,test,0
949,S,3,1,25,Mr,S,0,7.65,0,male,test,0
950,S,3,1,25,Mr,S,3,16.1,0,male,test,1
951,C,1,2,36,Ms,C,5,262.375,1,female,test,0
952,S,3,1,17,Mr,S,1,7.8958,0,male,test,0
953,S,2,1,32,Mr,S,2,13.5,0,male,test,0
954,S,3,1,18,Mr,S,0,7.75,0,male,test,0
955,Q,3,1,22,Ms,Q,0,7.725,1,female,test,0
956,C,1,0,13,Mr,C,5,262.375,0,male,test,4
957,S,2,1,30,Ms,S,3,21,1,female,test,0
958,Q,3,1,18,Ms,Q,1,7.8792,1,female,test,0
959,S,1,2,47,Mr,S,4,42.4,0,male,test,0
960,C,1,1,31,Mr,C,4,28.5375,0,male,test,0
961,S,1,3,60,Ms,S,5,263,1,female,test,5
962,Q,3,1,24,Ms,Q,0,7.75,1,female,test,0
963,S,3,1,21,Mr,S,1,7.8958,0,male,test,0
964,S,3,1,29,Ms,S,1,7.925,1,female,test,0
965,C,1,1,29,Mr,C,4,27.7208,0,male,test,0
966,C,1,2,35,Ms,C,5,211.5,1,female,test,0
967,C,1,2,33,Mr,C,5,211.5,0,male,test,0
968,S,3,1,25,Mr,S,1,8.05,0,male,test,0
969,S,1,3,55,Ms,S,3,25.7,1,female,test,2
970,S,2,1,30,Mr,S,2,13,0,male,test,0
971,Q,3,1,24,Ms,Q,0,7.75,1,female,test,0
972,C,3,0,6,Mr,C,3,15.2458,0,male,test,2
973,S,1,4,67,Mr,S,5,221.7792,0,male,test,1
974,S,1,3,49,Mr,S,3,26,0,male,test,0
975,S,3,1,25,Mr,S,1,7.8958,0,male,test,0
976,Q,2,1,30,Mr,Q,2,10.7083,0,male,test,0
977,C,3,1,25,Mr,C,3,14.4542,0,male,test,1
978,Q,3,1,27,Ms,Q,1,7.8792,1,female,test,0
979,S,3,1,18,Ms,S,1,8.05,1,female,test,0
980,Q,3,1,25,Ms,Q,0,7.75,1,female,test,0
981,S,2,0,2,Mr,S,3,23,0,male,test,2
982,S,3,1,22,Ms,S,2,13.9,1,female,test,1
983,S,3,1,25,Mr,S,0,7.775,0,male,test,0
984,S,1,1,27,Ms,S,4,52,1,female,test,3
985,S,3,1,25,Mr,S,1,8.05,0,male,test,0
986,C,1,1,25,Mr,C,3,26,0,male,test,0
987,S,3,1,25,Mr,S,1,7.7958,0,male,test,0
988,S,1,4,76,Ms,S,5,78.85,1,female,test,1
989,S,3,1,29,Mr,S,1,7.925,0,male,test,0
990,S,3,1,20,Ms,S,1,7.8542,1,female,test,0
991,S,3,2,33,Mr,S,1,8.05,0,male,test,0
992,C,1,2,43,Ms,C,5,55.4417,1,female,test,1
993,S,2,1,27,Mr,S,3,26,0,male,test,1
994,Q,3,1,25,Mr,Q,0,7.75,0,male,test,0
995,S,3,1,26,Mr,S,0,7.775,0,male,test,0
996,C,3,0,16,Ms,C,1,8.5167,1,female,test,2
997,S,3,1,28,Mr,S,3,22.525,0,male,test,0
998,Q,3,1,21,Mr,Q,1,7.8208,0,male,test,0
999,Q,3,1,25,Mr,Q,0,7.75,0,male,test,0
1000,S,3,1,25,Mr,S,2,8.7125,0,male,test,0
1001,S,2,1,19,Mr,S,2,13,0,male,test,0
1002,C,2,2,41,Mr,C,3,15.0458,0,male,test,0
1003,Q,3,1,25,Ms,Q,1,7.7792,1,female,test,0
1004,C,1,2,36,Ms,C,4,31.6792,1,female,test,0
1005,Q,3,1,19,Ms,Q,0,7.2833,1,female,test,0
1006,S,1,3,63,Ms,S,5,221.7792,1,female,test,1
1007,C,3,1,18,Mr,C,3,14.4542,0,male,test,1
1008,C,3,1,25,Mr,C,0,6.4375,0,male,test,0
1009,S,3,0,1,Ms,S,3,16.7,1,female,test,2
1010,C,1,2,36,Mr,C,5,75.2417,0,male,test,0
1011,S,2,1,29,Ms,S,3,26,1,female,test,1
1012,S,2,0,12,Ms,S,3,15.75,1,female,test,0
1013,Q,3,1,25,Mr,Q,0,7.75,0,male,test,1
1014,C,1,2,35,Ms,C,5,57.75,1,female,test,1
1015,S,3,1,28,Mr,S,0,7.25,0,male,test,0
1016,Q,3,1,25,Mr,Q,0,7.75,0,male,test,0
1017,S,3,1,17,Ms,S,3,16.1,1,female,test,1
1018,S,3,1,22,Mr,S,1,7.7958,0,male,test,0
1019,Q,3,1,25,Ms,Q,3,23.25,1,female,test,2
1020,S,2,2,42,Mr,S,2,13,0,male,test,0
1021,S,3,1,24,Mr,S,1,8.05,0,male,test,0
1022,S,3,1,32,Mr,S,1,8.05,0,male,test,0
1023,C,1,3,53,Honorary,C,4,28.5,0,male,test,0
1024,S,3,1,25,Ms,S,3,25.4667,1,female,test,4
1025,C,3,1,25,Mr,C,0,6.4375,0,male,test,1
1026,S,3,2,43,Mr,S,1,7.8958,0,male,test,0
1027,S,3,1,24,Mr,S,1,7.8542,0,male,test,0
1028,C,3,1,27,Mr,C,0,7.225,0,male,test,0
1029,S,2,1,26,Mr,S,2,13,0,male,test,0
1030,S,3,1,23,Ms,S,1,8.05,1,female,test,0
1031,S,3,2,40,Mr,S,4,46.9,0,male,test,7
1032,S,3,0,10,Ms,S,4,46.9,1,female,test,7
1033,S,1,2,33,Ms,S,5,151.55,1,female,test,0
1034,C,1,3,61,Mr,C,5,262.375,0,male,test,4
1035,S,2,1,28,Mr,S,3,26,0,male,test,0
1036,S,1,2,42,Mr,S,4,26.55,0,male,test,0
1037,S,3,1,31,Mr,S,3,18,0,male,test,3
1038,S,1,2,38,Mr,S,4,51.8625,0,male,test,0
1039,S,3,1,22,Mr,S,1,8.05,0,male,test,0
1040,S,1,2,38,Mr,S,4,26.55,0,male,test,0
1041,S,2,1,30,Officer,S,3,26,0,male,test,2
1042,C,1,1,23,Ms,C,5,83.1583,1,female,test,1
1043,C,3,1,25,Mr,C,1,7.8958,0,male,test,0
1044,S,3,3,61,Mr,S,0,,0,male,test,0
1045,S,3,2,36,Ms,S,2,12.1833,1,female,test,2
1046,S,3,0,13,Mr,S,4,31.3875,0,male,test,6
1047,S,3,1,24,Mr,S,0,7.55,0,male,test,0
1048,S,1,1,29,Ms,S,5,221.7792,1,female,test,0
1049,S,3,1,23,Ms,S,1,7.8542,1,female,test,0
1050,S,1,2,42,Mr,S,4,26.55,0,male,test,0
1051,S,3,1,26,Ms,S,2,13.775,1,female,test,2
1052,Q,3,1,25,Ms,Q,0,7.7333,1,female,test,0
1053,C,3,0,7,Mr,C,3,15.2458,0,male,test,2
1054,S,2,1,26,Ms,S,2,13.5,1,female,test,0
1055,S,3,1,25,Mr,S,0,7,0,male,test,0
1056,S,2,2,41,Officer,S,2,13,0,male,test,0
1057,S,3,1,26,Ms,S,3,22.025,1,female,test,2
1058,C,1,2,48,Mr,C,4,50.4958,0,male,test,0
1059,S,3,1,18,Mr,S,4,34.375,0,male,test,4
1060,C,1,2,38,Ms,C,4,27.7208,1,female,test,0
1061,S,3,1,22,Ms,S,2,8.9625,1,female,test,0
1062,S,3,1,25,Mr,S,0,7.55,0,male,test,0
1063,C,3,1,27,Mr,C,0,7.225,0,male,test,0
1064,S,3,1,23,Mr,S,2,13.9,0,male,test,1
1065,C,3,1,25,Mr,C,0,7.2292,0,male,test,0
1066,S,3,2,40,Mr,S,4,31.3875,0,male,test,6
1067,S,2,0,15,Ms,S,4,39,1,female,test,2
1068,S,2,1,20,Ms,S,4,36.75,1,female,test,0
1069,C,1,3,54,Mr,C,5,55.4417,0,male,test,1
1070,S,2,2,36,Ms,S,4,39,1,female,test,3
1071,C,1,3,64,Ms,C,5,83.1583,1,female,test,2
1072,S,2,1,30,Mr,S,2,13,0,male,test,0
1073,C,1,2,37,Mr,C,5,83.1583,0,male,test,2
1074,S,1,1,18,Ms,S,5,53.1,1,female,test,1
1075,Q,3,1,25,Mr,Q,0,7.75,0,male,test,0
1076,C,1,1,27,Ms,C,5,247.5208,1,female,test,2
1077,S,2,2,40,Mr,S,3,16,0,male,test,0
1078,S,2,1,21,Ms,S,3,21,1,female,test,1
1079,S,3,1,17,Mr,S,1,8.05,0,male,test,2
1080,S,3,1,25,Ms,S,5,69.55,1,female,test,10
1081,S,2,2,40,Mr,S,2,13,0,male,test,0
1082,S,2,2,34,Mr,S,3,26,0,male,test,1
1083,S,1,2,38,Mr,S,3,26,0,male,test,0
1084,S,3,0,12,Mr,S,3,14.5,0,male,test,2
1085,Q,2,3,61,Mr,Q,2,12.35,0,male,test,0
1086,S,2,0,8,Mr,S,4,32.5,0,male,test,2
1087,S,3,2,33,Mr,S,1,7.8542,0,male,test,0
1088,C,1,0,6,Mr,C,5,134.5,0,male,test,2
1089,S,3,1,18,Ms,S,0,7.775,1,female,test,0
1090,S,2,1,23,Mr,S,2,10.5,0,male,test,0
1091,S,3,1,25,Ms,S,1,8.1125,1,female,test,0
1092,Q,3,1,25,Ms,Q,3,15.5,1,female,test,0
1093,S,3,0,0,Mr,S,2,14.4,0,male,test,2
1094,C,1,2,47,Honorary,C,5,227.525,0,male,test,1
1095,S,2,0,8,Ms,S,3,26,1,female,test,2
1096,S,2,1,25,Mr,S,2,10.5,0,male,test,0
1097,C,1,2,38,Mr,C,3,25.7417,0,male,test,0
1098,Q,3,2,35,Ms,Q,0,7.75,1,female,test,0
1099,S,2,1,24,Mr,S,2,10.5,0,male,test,0
1100,C,1,2,33,Ms,C,4,27.7208,1,female,test,0
1101,S,3,1,25,Mr,S,1,7.8958,0,male,test,0
1102,S,3,1,32,Mr,S,3,22.525,0,male,test,0
1103,S,3,1,25,Mr,S,0,7.05,0,male,test,0
1104,S,2,1,17,Mr,S,5,73.5,0,male,test,0
1105,S,2,3,60,Ms,S,3,26,1,female,test,1
1106,S,3,2,38,Ms,S,0,7.775,1,female,test,6
1107,S,1,2,42,Mr,S,4,42.5,0,male,test,0
1108,Q,3,1,25,Ms,Q,1,7.8792,1,female,test,0
1109,S,1,3,57,Mr,S,5,164.8667,0,male,test,2
1110,C,1,3,50,Ms,C,5,211.5,1,female,test,2
1111,S,3,1,25,Mr,S,1,8.05,0,male,test,0
1112,C,2,1,30,Ms,C,2,13.8583,1,female,test,1
1113,S,3,1,21,Mr,S,1,8.05,0,male,test,0
1114,S,2,1,22,Ms,S,2,10.5,1,female,test,0
1115,S,3,1,21,Mr,S,1,7.7958,0,male,test,0
1116,C,1,3,53,Ms,C,4,27.4458,1,female,test,0
1117,C,3,1,25,Ms,C,3,15.2458,1,female,test,2
1118,S,3,1,23,Mr,S,1,7.7958,0,male,test,0
1119,Q,3,1,25,Ms,Q,0,7.75,1,female,test,0
1120,S,3,2,41,Mr,S,3,15.1,0,male,test,0
1121,S,2,2,36,Mr,S,2,13,0,male,test,0
1122,S,2,0,14,Mr,S,5,65,0,male,test,0
1123,S,1,1,21,Ms,S,4,26.55,1,female,test,0
1124,S,3,1,21,Mr,S,0,6.4958,0,male,test,1
1125,Q,3,1,25,Mr,Q,1,7.8792,0,male,test,0
1126,C,1,2,39,Mr,C,5,71.2833,0,male,test,1
1127,S,3,1,20,Mr,S,1,7.8542,0,male,test,0
1128,C,1,3,64,Mr,C,5,75.25,0,male,test,1
1129,C,3,1,20,Mr,C,0,7.225,0,male,test,0
1130,S,2,1,18,Ms,S,2,13,1,female,test,2
1131,C,1,2,48,Ms,C,5,106.425,1,female,test,1
1132,C,1,3,55,Ms,C,4,27.7208,1,female,test,0
1133,S,2,2,45,Ms,S,4,30,1,female,test,2
1134,C,1,2,45,Mr,C,5,134.5,0,male,test,2
1135,S,3,1,25,Mr,S,1,7.8875,0,male,test,0
1136,S,3,1,25,Mr,S,3,23.45,0,male,test,3
1137,S,1,2,41,Mr,S,4,51.8625,0,male,test,1
1138,S,2,1,22,Ms,S,3,21,1,female,test,0
1139,S,2,2,42,Mr,S,4,32.5,0,male,test,2
1140,S,2,1,29,Ms,S,3,26,1,female,test,1
1141,C,3,1,25,Ms,C,3,14.4542,1,female,test,1
1142,S,2,0,1,Ms,S,4,27.75,1,female,test,3
1143,S,3,1,20,Mr,S,1,7.925,0,male,test,0
1144,C,1,1,27,Mr,C,5,136.7792,0,male,test,1
1145,S,3,1,24,Mr,S,2,9.325,0,male,test,0
1146,S,3,2,33,Mr,S,2,9.5,0,male,test,0
1147,S,3,1,25,Mr,S,0,7.55,0,male,test,0
1148,Q,3,1,25,Mr,Q,0,7.75,0,male,test,0
1149,S,3,1,28,Mr,S,1,8.05,0,male,test,0
1150,S,2,1,19,Ms,S,2,13,1,female,test,0
1151,S,3,1,21,Mr,S,0,7.775,0,male,test,0
1152,S,3,2,37,Mr,S,3,17.4,0,male,test,1
1153,S,3,1,21,Mr,S,1,7.8542,0,male,test,0
1154,S,2,1,29,Ms,S,3,23,1,female,test,2
1155,S,3,0,1,Ms,S,2,12.1833,1,female,test,2
1156,C,2,1,30,Mr,C,2,12.7375,0,male,test,0
1157,S,3,1,25,Mr,S,1,7.8958,0,male,test,0
1158,S,1,2,38,Mr,S,0,0,0,male,test,0
1159,S,3,1,25,Mr,S,0,7.55,0,male,test,0
1160,S,3,1,25,Ms,S,1,8.05,1,female,test,0
1161,S,3,1,17,Mr,S,2,8.6625,0,male,test,0
1162,C,1,2,46,Mr,C,5,75.2417,0,male,test,0
1163,Q,3,1,25,Mr,Q,0,7.75,0,male,test,0
1164,C,1,1,26,Ms,C,5,136.7792,1,female,test,1
1165,Q,3,1,25,Ms,Q,3,15.5,1,female,test,1
1166,C,3,1,25,Mr,C,0,7.225,0,male,test,0
1167,S,2,1,20,Ms,S,3,26,1,female,test,1
1168,S,2,1,28,Mr,S,2,10.5,0,male,test,0
1169,S,2,2,40,Mr,S,3,26,0,male,test,1
1170,S,2,1,30,Mr,S,3,21,0,male,test,1
1171,S,2,1,22,Mr,S,2,10.5,0,male,test,0
1172,S,3,1,23,Ms,S,2,8.6625,1,female,test,0
1173,S,3,0,1,Mr,S,2,13.775,0,male,test,2
1174,Q,3,1,25,Ms,Q,0,7.75,1,female,test,0
1175,C,3,0,9,Ms,C,3,15.2458,1,female,test,2
1176,S,3,0,2,Ms,S,3,20.2125,1,female,test,2
1177,S,3,2,36,Mr,S,0,7.25,0,male,test,0
1178,S,3,1,25,Mr,S,0,7.25,0,male,test,0
1179,S,1,1,24,Mr,S,5,82.2667,0,male,test,1
1180,C,3,1,25,Mr,C,0,7.2292,0,male,test,0
1181,S,3,1,25,Mr,S,1,8.05,0,male,test,0
1182,S,1,2,38,Mr,S,4,39.6,0,male,test,0
1183,Q,3,1,30,Ms,Q,0,6.95,1,female,test,0
1184,C,3,1,25,Mr,C,0,7.2292,0,male,test,0
1185,S,1,3,53,Honorary,S,5,81.8583,0,male,test,2
1186,S,3,2,36,Mr,S,2,9.5,0,male,test,0
1187,S,3,1,26,Mr,S,1,7.8958,0,male,test,0
1188,C,2,0,1,Ms,C,4,41.5792,1,female,test,3
1189,C,3,1,25,Mr,C,3,21.6792,0,male,test,2
1190,S,1,1,30,Mr,S,4,45.5,0,male,test,0
1191,S,3,1,29,Mr,S,1,7.8542,0,male,test,0
1192,S,3,1,32,Mr,S,0,7.775,0,male,test,0
1193,C,2,1,30,Mr,C,3,15.0458,0,male,test,0
1194,S,2,2,43,Mr,S,3,21,0,male,test,1
1195,S,3,1,24,Mr,S,2,8.6625,0,male,test,0
1196,Q,3,1,25,Ms,Q,0,7.75,1,female,test,0
1197,S,1,3,64,Ms,S,4,26.55,1,female,test,2
1198,S,1,1,30,Mr,S,5,151.55,0,male,test,3
1199,S,3,0,1,Mr,S,2,9.35,0,male,test,1
1200,S,1,3,55,Mr,S,5,93.5,0,male,test,2
1201,S,3,2,45,Ms,S,2,14.1083,1,female,test,1
1202,S,3,1,18,Mr,S,2,8.6625,0,male,test,0
1203,C,3,1,22,Mr,C,0,7.225,0,male,test,0
1204,S,3,1,25,Mr,S,0,7.575,0,male,test,0
1205,Q,3,2,37,Ms,Q,0,7.75,1,female,test,0
1206,C,1,3,55,Ms,C,5,135.6333,1,female,test,0
1207,Q,3,1,17,Ms,Q,0,7.7333,1,female,test,0
1208,C,1,3,57,Mr,C,5,146.5208,0,male,test,1
1209,S,2,1,19,Mr,S,2,10.5,0,male,test,0
1210,S,3,1,27,Mr,S,1,7.8542,0,male,test,0
1211,S,2,1,22,Mr,S,4,31.5,0,male,test,2
1212,S,3,1,26,Mr,S,0,7.775,0,male,test,0
1213,C,3,1,25,Mr,C,0,7.2292,0,male,test,0
1214,S,2,1,26,Mr,S,2,13,0,male,test,0
1215,S,1,2,33,Mr,S,4,26.55,0,male,test,0
1216,S,1,2,39,Ms,S,5,211.3375,1,female,test,0
1217,S,3,1,23,Mr,S,0,7.05,0,male,test,0
1218,S,2,0,12,Ms,S,4,39,1,female,test,3
1219,C,1,2,46,Mr,C,5,79.2,0,male,test,0
1220,S,2,1,29,Mr,S,3,26,0,male,test,1
1221,S,2,1,21,Mr,S,2,13,0,male,test,0
1222,S,2,2,48,Ms,S,4,36.75,1,female,test,2
1223,C,1,2,39,Mr,C,4,29.7,0,male,test,0
1224,C,3,1,25,Mr,C,0,7.225,0,male,test,0
1225,C,3,1,19,Ms,C,3,15.7417,1,female,test,2
1226,S,3,1,27,Mr,S,1,7.8958,0,male,test,0
1227,S,1,1,30,Mr,S,3,26,0,male,test,0
1228,S,2,1,32,Mr,S,2,13,0,male,test,0
1229,C,3,2,39,Mr,C,0,7.2292,0,male,test,2
1230,S,2,1,25,Mr,S,4,31.5,0,male,test,0
1231,C,3,1,25,Mr,C,0,7.2292,0,male,test,0
1232,S,2,1,18,Mr,S,2,10.5,0,male,test,0
1233,S,3,1,32,Mr,S,0,7.5792,0,male,test,0
1234,S,3,1,25,Mr,S,5,69.55,0,male,test,10
1235,C,1,3,58,Ms,C,5,512.3292,1,female,test,1
1236,S,3,1,25,Mr,S,3,14.5,0,male,test,2
1237,S,3,0,16,Ms,S,0,7.65,1,female,test,0
1238,S,2,1,26,Mr,S,2,13,0,male,test,0
1239,C,3,2,38,Ms,C,0,7.2292,1,female,test,0
1240,S,2,1,24,Mr,S,2,13.5,0,male,test,0
1241,S,2,1,31,Ms,S,3,21,1,female,test,0
1242,C,1,2,45,Ms,C,5,63.3583,1,female,test,1
1243,S,2,1,25,Mr,S,2,10.5,0,male,test,0
1244,S,2,1,18,Mr,S,5,73.5,0,male,test,0
1245,S,2,3,49,Mr,S,5,65,0,male,test,3
1246,S,3,0,0,Ms,S,3,20.575,1,female,test,3
1247,S,1,3,50,Mr,S,3,26,0,male,test,0
1248,S,1,3,59,Ms,S,4,51.4792,1,female,test,2
1249,S,3,1,25,Mr,S,1,7.8792,0,male,test,0
1250,Q,3,1,25,Mr,Q,0,7.75,0,male,test,0
1251,S,3,1,30,Ms,S,3,15.55,1,female,test,1
1252,S,3,0,15,Mr,S,5,69.55,0,male,test,10
1253,C,2,1,24,Ms,C,4,37.0042,1,female,test,2
1254,S,2,1,31,Ms,S,3,21,1,female,test,0
1255,S,3,1,27,Mr,S,2,8.6625,0,male,test,0
1256,C,1,1,25,Ms,C,5,55.4417,1,female,test,1
1257,S,3,1,25,Ms,S,5,69.55,1,female,test,10
1258,C,3,1,25,Mr,C,3,14.4583,0,male,test,1
1259,S,3,1,22,Ms,S,4,39.6875,1,female,test,0
1260,C,1,2,45,Ms,C,5,59.4,1,female,test,1
1261,C,2,1,29,Mr,C,2,13.8583,0,male,test,0
1262,S,2,1,21,Mr,S,2,11.5,0,male,test,1
1263,C,1,1,31,Ms,C,5,134.5,1,female,test,0
1264,S,1,3,49,Mr,S,0,0,0,male,test,0
1265,S,2,2,44,Mr,S,2,13,0,male,test,0
1266,S,1,3,54,Ms,S,5,81.8583,1,female,test,2
1267,C,1,2,45,Ms,C,5,262.375,1,female,test,0
1268,S,3,1,22,Ms,S,2,8.6625,1,female,test,2
1269,S,2,1,21,Mr,S,2,11.5,0,male,test,0
1270,S,1,3,55,Mr,S,4,50,0,male,test,0
1271,S,3,0,5,Mr,S,4,31.3875,0,male,test,6
1272,Q,3,1,25,Mr,Q,0,7.75,0,male,test,0
1273,Q,3,1,26,Mr,Q,1,7.8792,0,male,test,0
1274,S,3,1,25,Ms,S,3,14.5,1,female,test,0
1275,S,3,1,19,Ms,S,3,16.1,1,female,test,1
1276,S,2,1,30,Mr,S,2,12.875,0,male,test,0
1277,S,2,1,24,Ms,S,5,65,1,female,test,3
1278,S,3,1,24,Mr,S,0,7.775,0,male,test,0
1279,S,2,3,57,Mr,S,2,13,0,male,test,0
1280,Q,3,1,21,Mr,Q,0,7.75,0,male,test,0
1281,S,3,0,6,Mr,S,3,21.075,0,male,test,4
1282,S,1,1,23,Mr,S,5,93.5,0,male,test,0
1283,S,1,3,51,Ms,S,4,39.4,1,female,test,1
1284,S,3,0,13,Mr,S,3,20.25,0,male,test,2
1285,S,2,2,47,Mr,S,2,10.5,0,male,test,0
1286,S,3,1,29,Mr,S,3,22.025,0,male,test,4
1287,S,1,1,18,Ms,S,5,60,1,female,test,1
1288,Q,3,1,24,Mr,Q,0,7.25,0,male,test,0
1289,C,1,2,48,Ms,C,5,79.2,1,female,test,2
1290,S,3,1,22,Mr,S,0,7.775,0,male,test,0
1291,Q,3,1,31,Mr,Q,0,7.7333,0,male,test,0
1292,S,1,1,30,Ms,S,5,164.8667,1,female,test,0
1293,S,2,2,38,Mr,S,3,21,0,male,test,1
1294,C,1,1,22,Ms,C,5,59.4,1,female,test,1
1295,S,1,1,17,Mr,S,4,47.1,0,male,test,0
1296,C,1,2,43,Mr,C,4,27.7208,0,male,test,1
1297,C,2,1,20,Mr,C,2,13.8625,0,male,test,0
1298,S,2,1,23,Mr,S,2,10.5,0,male,test,1
1299,C,1,3,50,Mr,C,5,211.5,0,male,test,2
1300,Q,3,1,25,Ms,Q,0,7.7208,1,female,test,0
1301,S,3,0,3,Ms,S,2,13.775,1,female,test,2
1302,Q,3,1,25,Ms,Q,0,7.75,1,female,test,0
1303,Q,1,2,37,Ms,Q,5,90,1,female,test,1
1304,S,3,1,28,Ms,S,0,7.775,1,female,test,0
1305,S,3,1,25,Mr,S,1,8.05,0,male,test,0
1306,C,1,2,39,Honorary,C,5,108.9,1,female,test,0
1307,S,3,2,39,Mr,S,0,7.25,0,male,test,0
1308,S,3,1,25,Mr,S,1,8.05,0,male,test,0
1309,C,3,1,25,Mr,C,3,22.3583,0,male,test,2
